home_team,away_team,home_score,away_score,date,season,league,source,source_url,external_id
Toronto Raptors,Brooklyn Nets,136,101,2026-04-12T22:00:00+00:00,2026,NBA,espn_public_api,https://site.api.espn.com/apis/site/v2/sports/basketball/nba/teams/tor/schedule?season=2026,401811047
Miami Heat,Atlanta Hawks,143,117,2026-04-12T22:00:00+00:00,2026,NBA,espn_public_api,https://site.api.espn.com/apis/site/v2/sports/basketball/nba/teams/mia/schedule?season=2026,401811044
New York Knicks,Toronto Raptors,112,95,2026-04-10T23:30:00+00:00,2026,NBA,espn_public_api,https://site.api.espn.com/apis/site/v2/sports/basketball/nba/teams/tor/schedule?season=2026,401811031
Washington Wizards,Miami Heat,117,140,2026-04-10T23:00:00+00:00,2026,NBA,espn_public_api,https://site.api.espn.com/apis/site/v2/sports/basketball/nba/teams/mia/schedule?season=2026,401811027
Toronto Raptors,Miami Heat,128,114,2026-04-09T23:00:00+00:00,2026,NBA,espn_public_api,https://site.api.espn.com/apis/site/v2/sports/basketball/nba/teams/mia/schedule?season=2026,401811020
Toronto Raptors,Miami Heat,121,95,2026-04-07T23:30:00+00:00,2026,NBA,espn_public_api,https://site.api.espn.com/apis/site/v2/sports/basketball/nba/teams/mia/schedule?season=2026,401811006
Boston Celtics,Toronto Raptors,115,101,2026-04-05T19:30:00+00:00,2026,NBA,espn_public_api,https://site.api.espn.com/apis/site/v2/sports/basketball/nba/teams/tor/schedule?season=2026,401810987
Miami Heat,Washington Wizards,152,136,2026-04-04T19:00:00+00:00,2026,NBA,espn_public_api,https://site.api.espn.com/apis/site/v2/sports/basketball/nba/teams/mia/schedule?season=2026,401810984
Memphis Grizzlies,Toronto Raptors,96,128,2026-04-04T00:00:00+00:00,2026,NBA,espn_public_api,https://site.api.espn.com/apis/site/v2/sports/basketball/nba/teams/tor/schedule?season=2026,401810980
Toronto Raptors,Sacramento Kings,115,123,2026-04-02T00:00:00+00:00,2026,NBA,espn_public_api,https://site.api.espn.com/apis/site/v2/sports/basketball/nba/teams/tor/schedule?season=2026,401810963
Miami Heat,Boston Celtics,129,147,2026-04-01T23:30:00+00:00,2026,NBA,espn_public_api,https://site.api.espn.com/apis/site/v2/sports/basketball/nba/teams/mia/schedule?season=2026,401810961
Detroit Pistons,Toronto Raptors,127,116,2026-04-01T00:00:00+00:00,2026,NBA,espn_public_api,https://site.api.espn.com/apis/site/v2/sports/basketball/nba/teams/tor/schedule?season=2026,401810956
Miami Heat,Philadelphia 76ers,119,109,2026-03-30T23:00:00+00:00,2026,NBA,espn_public_api,https://site.api.espn.com/apis/site/v2/sports/basketball/nba/teams/mia/schedule?season=2026,401810946
Toronto Raptors,Orlando Magic,139,87,2026-03-29T22:00:00+00:00,2026,NBA,espn_public_api,https://site.api.espn.com/apis/site/v2/sports/basketball/nba/teams/tor/schedule?season=2026,401810941
Indiana Pacers,Miami Heat,135,118,2026-03-29T21:00:00+00:00,2026,NBA,espn_public_api,https://site.api.espn.com/apis/site/v2/sports/basketball/nba/teams/mia/schedule?season=2026,401810938
Toronto Raptors,New Orleans Pelicans,119,106,2026-03-28T00:30:00+00:00,2026,NBA,espn_public_api,https://site.api.espn.com/apis/site/v2/sports/basketball/nba/teams/tor/schedule?season=2026,401810926
Cleveland Cavaliers,Miami Heat,149,128,2026-03-27T23:30:00+00:00,2026,NBA,espn_public_api,https://site.api.espn.com/apis/site/v2/sports/basketball/nba/teams/mia/schedule?season=2026,401810923
Cleveland Cavaliers,Miami Heat,103,120,2026-03-25T23:30:00+00:00,2026,NBA,espn_public_api,https://site.api.espn.com/apis/site/v2/sports/basketball/nba/teams/mia/schedule?season=2026,401810910
