#,date,time,home,away,league,H,D,A
1,2 May,12:30,Blackburn Rovers,Leicester,England - Championship,2.2,3.7,3.25
2,2 May,12:30,Wrexham AFC,Middlesbrough FC,England - Championship,2.7,3.75,2.55
3,2 May,13:00,Villarreal,Levante,Spain - LaLiga,1.75,4.36,4.56
4,2 May,14:00,Udinese,FC Torino,Italy - Serie A,2.37,3.31,3.38
5,2 May,14:00,Nantes,Marseille,France - Ligue 1,4.45,4.15,1.8
6,2 May,14:30,Bayern Munich,Heidenheim,Germany - Bundesliga,1.26,7.67,10.21
7,2 May,14:30,Eintracht Frankfurt,Hamburger SV,Germany - Bundesliga,1.77,4.31,4.49
8,2 May,14:30,Hoffenheim,Stuttgart,Germany - Bundesliga,2.41,4.19,2.73
9,2 May,14:30,Union Berlin,Cologne,Germany - Bundesliga,2.54,3.42,2.99
10,2 May,14:30,Werder Bremen,Augsburg,Germany - Bundesliga,2.05,3.95,3.58
11,2 May,15:00,Brentford,West Ham,England - Premier League,1.94,4.0,3.92
12,2 May,15:00,Newcastle,Brighton,England - Premier League,2.64,3.74,2.67
13,2 May,15:00,Wolves,Sunderland AFC,England - Premier League,3.62,3.6,2.15
14,2 May,15:00,AFC Wimbledon,Huddersfield,England - League One,2.8,3.7,2.35
15,2 May,15:15,Valencia,Atletico Madrid,Spain - LaLiga,1.81,4.01,4.59
16,2 May,16:00,PSG,Lorient,France - Ligue 1,1.38,5.97,7.85
17,2 May,17:00,Como 1907,Napoli,Italy - Serie A,2.34,3.35,3.4
18,2 May,17:00,CSKA Moscow,FK Zenit Saint Pe...,Russia - Premier League,4.0,3.6,1.92
19,2 May,17:00,FC Slovan Liberec,Slavia Prague,Czechia - 1. Liga,4.6,3.75,1.74
20,2 May,17:30,Arsenal,Fulham,England - Premier League,1.47,4.8,7.62
21,2 May,17:30,Alaves,Athletic Bilbao,Spain - LaLiga,2.8,3.47,2.67
22,2 May,17:30,Bayer Leverkusen,RB Leipzig,Germany - Bundesliga,2.22,4.2,3.02
23,2 May,18:00,Metz,Monaco,France - Ligue 1,7.07,5.84,1.41
24,2 May,18:00,FC Famalicao,Benfica,Portugal - Liga Portugal,5.5,4.3,1.62
25,2 May,18:00,Fenerbahce Istanbul,Istanbul Basaksehir,Turkiye - Super Lig,1.68,4.5,4.8
26,2 May,19:00,Ajax,PSV Eindhoven,Netherlands - Eredivisie,2.5,4.2,2.55
27,2 May,19:00,Rodez Aveyron,Saint-Etienne,France - Ligue 2,3.3,3.6,2.1
28,2 May,19:30,Schalke,Fortuna D,Germany - 2. Bundesliga,1.57,4.5,5.25
29,2 May,19:30,Basel,FC Thun,Switzerland - Super League,2.6,3.8,2.4
30,2 May,19:45,Atalanta,Genoa,Italy - Serie A,1.6,4.37,5.98
31,2 May,20:00,Osasuna,Barcelona,Spain - LaLiga,4.77,4.15,1.76
32,2 May,20:05,Nice,RC Lens,France - Ligue 1,4.41,4.25,1.79
33,2 May,20:15,CA Central Cord...,Boca Juniors,Argentina - Primera LPF,4.25,2.95,1.91
34,2 May,20:30,Porto,Alverca Futebol,Portugal - Liga Portugal,1.21,7.25,15.0
35,2 May,22:30,SE Palmeiras SP,Santos FC SP,Brazil - Brasileiro Serie A,1.55,4.2,6.1
36,3 May,00:30,New York Red Bu...,FC Dallas,USA - MLS,2.15,3.9,3.25
37,3 May,03:30,Los Angeles Gala...,Vancouver White...,USA - MLS,3.3,4.0,2.1
38,3 May,11:30,Bologna,Cagliari,Italy - Serie A,1.86,3.64,4.83
39,3 May,12:00,Hibernian FC,Celtic,Scotland - Premiership,4.6,4.25,1.71
40,3 May,13:00,Celta,Elche CF,Spain - LaLiga,1.82,4.02,4.49
41,3 May,13:00,Malmo,Mjallby AIF,Sweden - Allsvenskan,2.3,3.4,3.1
42,3 May,13:30,Fortuna Sittard,Feyenoord Rotte...,Netherlands - Eredivisie,5.9,4.9,1.52
43,3 May,14:00,Bournemouth,Crystal Palace,England - Premier League,1.68,4.32,5.19
44,3 May,14:00,Sassuolo,Milan,Italy - Serie A,4.66,4.17,1.77
45,3 May,14:00,Lille,Le Havre,France - Ligue 1,1.44,4.96,8.0
46,3 May,14:30,FC St. Pauli,Mainz,Germany - Bundesliga,2.87,3.42,2.64
47,3 May,15:00,FC Fredericia,Copenhagen,Denmark - Superliga,5.0,4.5,1.52
48,3 May,15:15,Getafe,Rayo Vallecano,Spain - LaLiga,1.98,3.36,4.59
49,3 May,15:30,Man Utd,Liverpool,England - Premier League,2.34,3.91,2.97
50,3 May,15:30,IF Elfsborg,AIK,Sweden - Allsvenskan,2.6,3.3,2.75
51,3 May,16:00,FC Dynamo Kyiv,Shakhtar D,Ukraine - Premier League,2.8,3.4,2.3
52,3 May,16:15,AJ Auxerre,Angers,France - Ligue 1,1.71,3.86,5.65
53,3 May,16:15,Paris FC,Brest,France - Ligue 1,2.08,3.62,3.81
54,3 May,16:15,Strasbourg,Toulouse,France - Ligue 1,2.92,3.67,2.47
55,3 May,16:30,Borussia M'gladbach,Borussia Dortmund,Germany - Bundesliga,3.8,3.99,1.97
56,3 May,17:00,Juventus,Hellas Verona,Italy - Serie A,1.22,7.24,15.39
57,3 May,17:00,PAOK,Olympiacos,Greece - Super League,3.2,3.2,2.35
58,3 May,17:30,Betis,Real Oviedo,Spain - LaLiga,1.6,4.32,6.09
59,3 May,17:30,RSC Anderlecht,Brugge,Belgium - Pro League,4.3,4.25,1.74
60,3 May,17:30,Sparta Prague,FK Jablonec,Czechia - 1. Liga,1.65,4.0,4.9
61,3 May,18:00,FK Zeleziarne Po...,Spartak Trnava,Slovakia - Superliga,3.2,3.6,2.0
62,3 May,18:30,Freiburg,Wolfsburg,Germany - Bundesliga,2.59,3.67,2.76
63,3 May,19:00,Aston Villa,Tottenham,England - Premier League,2.23,3.7,3.32
64,3 May,19:00,Panathinaikos,AEK Athens,Greece - Super League,3.4,3.25,2.2
65,3 May,19:45,Inter,Parma,Italy - Serie A,1.24,7.15,13.06
66,3 May,19:45,Lyon,Rennes,France - Ligue 1,2.27,3.8,3.16
67,3 May,20:00,Espanyol,Real Madrid,Spain - LaLiga,4.59,4.07,1.8
68,3 May,20:00,New York City FC,DC United,USA - MLS,1.75,3.9,4.9
69,4 May,00:30,Mirassol FC SP,SC Corinthians SP,Brazil - Brasileiro Serie A,2.3,3.1,3.33
70,4 May,15:00,Chelsea,Nottingham Forest,England - Premier League,1.71,4.08,4.75
71,4 May,17:30,US Cremonese,Lazio,Italy - Serie A,2.96,3.28,2.52
72,4 May,17:30,Heart of Midlothi...,Rangers,Scotland - Premiership,2.8,3.6,2.5
73,4 May,18:00,Bodoe/Glimt,Molde,Norway - Eliteserien,1.39,5.75,6.9
74,4 May,18:30,Rapid Bucuresti,CFR Cluj,Romania - Superliga,2.4,3.33,2.95
75,4 May,19:45,Roma,Fiorentina,Italy - Serie A,1.65,4.09,5.29
76,4 May,20:00,Everton,Man City,England - Premier League,6.04,4.73,1.51
77,4 May,20:00,Sevilla,Real Sociedad,Spain - LaLiga,2.45,3.47,2.92
78,4 May,20:15,Sporting,Vitoria SC Guima...,Portugal - Liga Portugal,1.28,6.3,10.0
79,5 May,20:00,Arsenal,Atletico Madrid,International Clubs - UEFA,1.66,4.0,5.37
80,5 May,23:00,Sporting Cristal,SE Palmeiras SP,CONMEBOL Libertadores,5.0,3.7,1.7
81,6 May,01:00,Barcelona SC,Boca Juniors,CONMEBOL Libertadores,3.8,3.1,2.1
82,6 May,01:30,CD Recoleta,Santos FC SP,CONMEBOL Sudamericana,5.0,3.6,1.68
83,6 May,18:00,FK Spartak Mosc...,CSKA Moscow,Russia - Russian Cup,1.99,3.25,3.6
84,6 May,20:00,Bayern Munich,PSG,International Clubs - UEFA,1.69,4.81,4.0
85,7 May,01:30,Independiente Sa...,SC Corinthians SP,CONMEBOL Libertadores,2.9,3.2,2.5
86,7 May,20:00,Crystal Palace,Shakhtar D,International Clubs - UEFA Conference,1.53,4.3,6.11
87,8 May,18:00,IF Elfsborg,IF Brommapojkar...,Sweden - Allsvenskan,1.9,3.7,3.8
88,8 May,19:00,CFR Cluj,CS Universitatea...,Romania - Superliga,2.65,3.0,2.75
89,8 May,19:30,Borussia Dortmund,Eintracht Frankfurt,Germany - Bundesliga,1.52,4.91,5.35
90,8 May,19:45,FC Torino,Sassuolo,Italy - Serie A,2.31,3.27,3.21
91,8 May,19:45,RC Lens,Nantes,France - Ligue 1,1.28,6.02,9.68
92,8 May,20:00,Levante,Osasuna,Spain - LaLiga,2.65,3.2,2.77
93,9 May,12:30,Liverpool,Chelsea,England - Premier League,1.93,3.93,3.6
94,9 May,13:00,Elche CF,Alaves,Spain - LaLiga,2.28,3.38,3.17
95,9 May,14:00,Cagliari,Udinese,Italy - Serie A,2.51,3.19,2.95
96,9 May,14:30,Augsburg,Borussia M'gladbach,Germany - Bundesliga,2.32,3.63,2.9
97,9 May,14:30,Hoffenheim,Werder Bremen,Germany - Bundesliga,1.57,4.69,4.96
98,9 May,14:30,RB Leipzig,FC St. Pauli,Germany - Bundesliga,1.43,4.96,6.62
99,9 May,14:30,Stuttgart,Bayer Leverkusen,Germany - Bundesliga,2.09,4.05,3.07
100,9 May,15:00,Brighton,Wolves,England - Premier League,1.35,5.43,7.85
101,9 May,15:00,Fulham,Bournemouth,England - Premier League,2.56,3.7,2.57
102,9 May,15:00,Sunderland AFC,Man Utd,England - Premier League,3.99,3.71,1.89
103,9 May,15:15,Sevilla,Espanyol,Spain - LaLiga,2.07,3.42,3.63
104,9 May,17:00,Lazio,Inter,Italy - Serie A,4.73,3.88,1.72
105,9 May,17:30,Man City,Brentford,England - Premier League,1.34,5.74,7.59
106,9 May,17:30,Atletico Madrid,Celta,Spain - LaLiga,1.85,3.73,4.14
107,9 May,17:30,Wolfsburg,Bayern Munich,Germany - Bundesliga,4.4,4.78,1.63
108,9 May,19:45,US Lecce,Juventus,Italy - Serie A,6.04,4.35,1.53
109,9 May,20:00,Real Sociedad,Betis,Spain - LaLiga,2.23,3.58,3.1
110,10 May,11:30,Hellas Verona,Como 1907,Italy - Serie A,6.98,4.51,1.46
111,10 May,13:00,Mallorca,Villarreal,Spain - LaLiga,2.69,3.55,2.52
112,10 May,14:00,Burnley,Aston Villa,England - Premier League,5.13,4.19,1.62
113,10 May,14:00,Crystal Palace,Everton,England - Premier League,2.69,3.29,2.67
114,10 May,14:00,Nottingham Forest,Newcastle,England - Premier League,2.48,3.51,2.77
115,10 May,14:00,Fiorentina,Genoa,Italy - Serie A,2.07,3.34,3.75
116,10 May,14:00,US Cremonese,SC Pisa,Italy - Serie A,1.91,3.43,4.26
117,10 May,14:30,Hamburger SV,Freiburg,Germany - Bundesliga,2.7,3.58,2.5
118,10 May,15:00,Silkeborg IF,Copenhagen,Denmark - Superliga,4.7,4.0,1.6
119,10 May,15:15,Athletic Bilbao,Valencia,Spain - LaLiga,1.85,3.59,4.34
120,10 May,16:30,West Ham,Arsenal,England - Premier League,5.05,4.14,1.64
121,10 May,16:30,Cologne,Heidenheim,Germany - Bundesliga,1.7,4.16,4.49
122,10 May,17:00,Parma,Roma,Italy - Serie A,4.72,3.66,1.77
123,10 May,17:30,Real Oviedo,Getafe,Spain - LaLiga,2.75,2.92,2.91
124,10 May,17:30,Lokomotiv Moscow,FC Baltika Kalini...,Russia - Premier League,2.1,3.5,3.2
125,10 May,17:30,AEK Athens,Panathinaikos,Greece - Super League,1.5,3.8,7.1
126,10 May,18:30,Mainz,Union Berlin,Germany - Bundesliga,1.84,3.75,4.17
127,10 May,19:45,Milan,Atalanta,Italy - Serie A,2.09,3.46,3.54
128,10 May,20:00,Barcelona,Real Madrid,Spain - LaLiga,1.81,4.38,3.71
129,10 May,20:00,AJ Auxerre,Nice,France - Ligue 1,2.44,3.41,2.88
130,10 May,20:00,Angers,Strasbourg,France - Ligue 1,3.51,3.43,2.11
131,10 May,20:00,Le Havre,Marseille,France - Ligue 1,4.22,3.98,1.78
132,10 May,20:00,Metz,Lorient,France - Ligue 1,2.88,3.57,2.36
133,10 May,20:00,Monaco,Lille,France - Ligue 1,2.25,3.83,2.91
134,10 May,20:00,PSG,Brest,France - Ligue 1,1.16,8.1,15.08
135,10 May,20:00,Rennes,Paris FC,France - Ligue 1,1.5,4.78,5.7
136,10 May,20:00,Toulouse,Lyon,France - Ligue 1,3.95,3.67,1.91
137,10 May,20:00,Clube do Remo PA,SE Palmeiras SP,Brazil - Brasileiro Serie A,5.4,3.75,1.62
138,10 May,22:30,Santos FC SP,Red Bull Braganti...,Brazil - Brasileiro Serie A,2.05,3.25,3.6
139,10 May,22:30,SC Corinthians SP,Sao Paulo FC SP,Brazil - Brasileiro Serie A,2.15,3.1,3.4
140,11 May,13:15,FC Pari Nizhny N...,CSKA Moscow,Russia - Premier League,3.75,3.7,1.88
141,11 May,19:45,Napoli,Bologna,Italy - Serie A,1.57,4.11,5.93
142,11 May,20:00,Tottenham,Leeds United,England - Premier League,2.04,3.63,3.52
143,11 May,20:00,Rayo Vallecano,Girona,Spain - LaLiga,2.24,3.45,3.2
144,13 May,20:00,Lazio,Inter,Italy - Coppa Italia,4.4,3.8,1.79
145,13 May,20:00,RC Lens,PSG,France - Ligue 1,3.35,3.72,2.07
146,13 May,23:30,Coritiba FC PR,Santos FC SP,Brazil - Copa do Brasil,2.5,3.3,2.75
147,14 May,01:30,EC Jacuipense BA,SE Palmeiras SP,Brazil - Copa do Brasil,13.5,5.9,1.21
148,14 May,14:00,Union Gilloise,RSC Anderlecht,Belgium - Beker van Belgie,1.85,3.6,3.9
149,14 May,16:00,Copenhagen,FC Midtjylland,Denmark - DBU Pokalen,2.55,3.25,2.5
150,14 May,23:30,SC Corinthians SP,Barra FC SC,Brazil - Copa do Brasil,1.26,5.2,12.5
151,16 May,15:00,Chelsea,Man City,England - FA Cup,4.3,3.71,1.83
152,22 May,20:00,RC Lens,Nice,France - Coupe de France,1.81,3.79,4.28
153,23 May,15:00,Celtic,Dunfermline Athl...,Scotland - Scottish Cup,1.22,5.9,10.0
154,23 May,19:00,Bayern Munich,Stuttgart,Germany - DFB Pokal,1.35,5.77,7.36
155,24 May,17:15,Sporting,SCU Torreense,Portugal - Taca de Portugal,1.14,7.4,15.5
156,11 Jun,20:00,Mexico,South Africa,International - FIFA World Cup,1.52,4.29,6.28
157,12 Jun,03:00,Korea Republic,Czechia,International - FIFA World Cup,2.72,3.18,2.71
158,12 Jun,20:00,Canada,Bosnia & Herzeg...,International - FIFA World Cup,1.83,3.71,4.29
159,13 Jun,02:00,USA,Paraguay,International - FIFA World Cup,2.05,3.51,3.61
160,13 Jun,20:00,Qatar,Switzerland,International - FIFA World Cup,10.03,5.72,1.29
161,13 Jun,23:00,Brazil,Morocco,International - FIFA World Cup,1.59,4.11,5.62
162,14 Jun,02:00,Haiti,Scotland,International - FIFA World Cup,7.08,4.76,1.43
163,14 Jun,05:00,Australia,Turkiye,International - FIFA World Cup,4.16,3.59,1.88
164,14 Jun,18:00,Germany,Curacao,International - FIFA World Cup,1.03,19.17,41.38
165,14 Jun,21:00,Netherlands,Japan,International - FIFA World Cup,2.04,3.61,3.52
166,15 Jun,00:00,Ivory Coast,Ecuador,International - FIFA World Cup,3.26,3.1,2.38
167,15 Jun,03:00,Sweden,Tunisia,International - FIFA World Cup,1.98,3.36,4.03
168,15 Jun,17:00,Spain,Cape Verde,International - FIFA World Cup,1.08,11.15,29.2
169,15 Jun,20:00,Belgium,Egypt,International - FIFA World Cup,1.65,4.04,5.06
170,15 Jun,23:00,Saudi Arabia,Uruguay,International - FIFA World Cup,6.21,4.27,1.53
171,16 Jun,02:00,IR Iran,New Zealand,International - FIFA World Cup,1.77,3.69,4.65
172,16 Jun,20:00,France,Senegal,International - FIFA World Cup,1.48,4.5,6.6
173,16 Jun,23:00,Iraq,Norway,International - FIFA World Cup,10.32,5.89,1.28
174,17 Jun,02:00,Argentina,Algeria,International - FIFA World Cup,1.43,4.6,7.55
175,17 Jun,05:00,Austria,Jordan,International - FIFA World Cup,1.35,5.3,8.39
176,17 Jun,18:00,Portugal,Congo DR,International - FIFA World Cup,1.3,5.66,9.72
177,17 Jun,21:00,England,Croatia,International - FIFA World Cup,1.7,3.9,4.87
178,18 Jun,00:00,Ghana,Panama,International - FIFA World Cup,2.07,3.51,3.54
179,18 Jun,03:00,Uzbekistan,Colombia,International - FIFA World Cup,7.41,4.71,1.42
